Categoría del Producto,tienda,tienda2,tienda3,tienda4
Artículos para el hogar,7.248834251801611,7.672742687579483,7.503179313268333,8.524173027989821
Deportes y diversión,12.038999576091564,11.65748198389148,11.742263671047054,11.747243426632739
Electrodomésticos,13.225943196269604,12.929207291225095,11.784654514624842,10.77184054283291
Electrónicos,18.991097922848667,17.888935989826198,19.118270453582024,19.12637828668363
Instrumentos musicales,7.71513353115727,9.495548961424333,7.503179313268333,7.20949957591179
Juguetes,13.734633319203052,13.268334039847392,13.353115727002967,14.334181509754028
Libros,7.333615938957186,8.350996184824078,7.842306061890632,7.930449533502968
Muebles,19.71174226367105,18.73675286138194,21.153030945315813,20.35623409669211
