Categoría del Producto,tienda,tienda2,tienda3,tienda4
Artículos para el hogar,3764.9122807017543,4424.309392265193,4589.830508474576,4249.253731343284
Deportes y diversión,7468.661971830986,6826.545454545455,6942.599277978339,6390.252707581228
Electrodomésticos,61935.89743589744,60838.03278688525,62928.77697841726,59143.700787401576
Electrónicos,51258.25892857143,51692.41706161138,48460.9756097561,48399.778270509974
Instrumentos musicales,26834.615384615383,24811.160714285714,23213.5593220339,23258.235294117647
Juguetes,3023.1481481481483,2835.7827476038337,3306.9841269841268,3291.420118343195
Libros,2699.421965317919,2821.319796954315,2683.2432432432433,2891.4438502673797
Muebles,21494.40860215054,21348.64253393665,21611.422845691384,21323.541666666668
COSTO PROMEDIO LOGÍSTICO TOTAL,26018.60958033065,25216.235693090293,24805.680373039424,23459.457167090754
