Categoría del Producto,tienda,tienda2,tienda3,tienda4
Artículos para el hogar,3.7485380116959064,4.071823204419889,4.073446327683616,4.009950248756219
Deportes y diversión,3.897887323943662,4.065454545454545,3.9386281588447654,4.054151624548736
Electrodomésticos,4.032051282051282,4.072131147540984,4.010791366906475,3.9291338582677167
Electrónicos,4.004464285714286,3.971563981042654,3.9866962305986697,4.006651884700665
Instrumentos musicales,4.049450549450549,4.035714285714286,4.005649717514125,3.911764705882353
Juguetes,4.077160493827161,4.02555910543131,4.196825396825397,3.9881656804733727
Libros,3.976878612716763,3.949238578680203,4.048648648648649,4.042780748663102
Muebles,3.946236559139785,4.092760180995475,4.098196392785571,3.997916666666667
ÍNDICE DE SATISFACCIÓN GLOBAL,3.976685036032217,4.037303942348453,4.048325561678677,3.9957591178965224
